{
    "settings": {
        "options": {
            "show_on_front": "page",
            "featured-content": "",
            "jetpack_global_styles": {
                "font_base": "Fira Sans",
                "font_headings": "Playfair Display"
            }
        },
        "theme_mods": {
            "0": false,
            "nav_menu_locations": [],
            "custom_css_post_id": -1,
            "hide_front_page_title": true
        },
        "headstart": {
            "mapped_id_options": [],
            "mapped_id_theme_mods": [],
            "keep_submenu_items": true
        }
    },
    "widgets": [],
    "content": [
        {
            "post_type": "page",
            "post_title": "Homepage",
            "post_content": "<!-- wp:group {\"align\":\"full\",\"layout\":{\"contentSize\":\"1200px\"}} -->\n<div class=\"wp-block-group alignfull\"><!-- wp:group {\"layout\":{\"type\":\"flex\",\"flexWrap\":\"wrap\",\"justifyContent\":\"space-between\"}} -->\n<div class=\"wp-block-group\"><!-- wp:group {\"layout\":{\"contentSize\":\"450px\"}} -->\n<div class=\"wp-block-group\"><!-- wp:heading {\"level\":1,\"textColor\":\"primary\"} -->\n<h1 class=\"has-primary-color has-text-color\"><strong>Antonia Chair. Engineered Comfort<\/strong><\/h1>\n<!-- \/wp:heading -->\n\n<!-- wp:paragraph -->\n<p>Antonia chair is a comfort focused office guest chair. A great member of the Antonia office furniture family.<\/p>\n<!-- \/wp:paragraph -->\n\n<!-- wp:group {\"layout\":{\"type\":\"flex\",\"flexWrap\":\"nowrap\"}} -->\n<div class=\"wp-block-group\"><!-- wp:group {\"layout\":{\"contentSize\":\"\"}} -->\n<div class=\"wp-block-group\"><!-- wp:jetpack\/recurring-payments {\"url\":\"https:\/\/antoniademo.wordpress.com\/?recurring_payments=undefined\",\"uniqueId\":\"recurring-payments-undefined\"} -->\n<div class=\"wp-block-jetpack-recurring-payments\"><!-- wp:jetpack\/button {\"element\":\"a\",\"uniqueId\":\"recurring-payments-undefined\",\"passthroughAttributes\":{\"uniqueId\":\"uniqueId\",\"url\":\"url\"},\"text\":\"Buy Now\",\"url\":\"https:\/\/antoniademo.wordpress.com\/?recurring_payments=undefined\",\"textColor\":\"primary\",\"backgroundColor\":\"secondary\",\"width\":\"240px\"} \/--><\/div>\n<!-- \/wp:jetpack\/recurring-payments --><\/div>\n<!-- \/wp:group -->\n\n<!-- wp:paragraph {\"style\":{\"typography\":{\"fontStyle\":\"normal\",\"fontWeight\":\"600\"}},\"textColor\":\"primary\"} -->\n<p class=\"has-primary-color has-text-color\" style=\"font-style:normal;font-weight:600;\">$79.50<\/p>\n<!-- \/wp:paragraph --><\/div>\n<!-- \/wp:group --><\/div>\n<!-- \/wp:group -->\n\n<!-- wp:group -->\n<div class=\"wp-block-group\"><!-- wp:image {\"id\":9,\"width\":642,\"height\":722,\"sizeSlug\":\"large\",\"linkDestination\":\"none\"} -->\n<figure class=\"wp-block-image size-large is-resized\"><img src=\"https:\/\/antoniademo.files.wordpress.com\/2022\/06\/chair.jpg?w=911\" alt=\"\" class=\"wp-image-9\" width=\"642\" height=\"722\" \/><\/figure>\n<!-- \/wp:image --><\/div>\n<!-- \/wp:group --><\/div>\n<!-- \/wp:group --><\/div>\n<!-- \/wp:group -->\n\n<!-- wp:group {\"align\":\"full\",\"layout\":{\"contentSize\":\"1200px\"}} -->\n<div class=\"wp-block-group alignfull\"><!-- wp:columns {\"isStackedOnMobile\":false,\"style\":{\"border\":{\"bottom\":{\"color\":\"#eaeaec\",\"width\":\"1px\"}},\"spacing\":{\"padding\":{\"bottom\":\"60px\"}}}} -->\n<div class=\"wp-block-columns is-not-stacked-on-mobile\" style=\"border-bottom-color:#eaeaec;border-bottom-width:1px;padding-bottom:60px;\"><!-- wp:column {\"style\":{\"spacing\":{\"blockGap\":\"10px\"}}} -->\n<div class=\"wp-block-column\"><!-- wp:heading {\"textAlign\":\"center\",\"level\":6,\"style\":{\"typography\":{\"textTransform\":\"uppercase\",\"fontSize\":\"14px\"}}} -->\n<h6 class=\"has-text-align-center\" style=\"font-size:14px;text-transform:uppercase;\">Frame<\/h6>\n<!-- \/wp:heading -->\n\n<!-- wp:paragraph {\"align\":\"center\"} -->\n<p class=\"has-text-align-center\">Pine Wood<\/p>\n<!-- \/wp:paragraph --><\/div>\n<!-- \/wp:column -->\n\n<!-- wp:column {\"style\":{\"spacing\":{\"blockGap\":\"10px\"}}} -->\n<div class=\"wp-block-column\"><!-- wp:heading {\"textAlign\":\"center\",\"level\":6,\"style\":{\"typography\":{\"textTransform\":\"uppercase\",\"fontSize\":\"14px\"}}} -->\n<h6 class=\"has-text-align-center\" style=\"font-size:14px;text-transform:uppercase;\">Frame<\/h6>\n<!-- \/wp:heading -->\n\n<!-- wp:paragraph {\"align\":\"center\"} -->\n<p class=\"has-text-align-center\">Pine Wood<\/p>\n<!-- \/wp:paragraph --><\/div>\n<!-- \/wp:column -->\n\n<!-- wp:column {\"style\":{\"spacing\":{\"blockGap\":\"10px\"}}} -->\n<div class=\"wp-block-column\"><!-- wp:heading {\"textAlign\":\"center\",\"level\":6,\"style\":{\"typography\":{\"textTransform\":\"uppercase\",\"fontSize\":\"14px\"}}} -->\n<h6 class=\"has-text-align-center\" style=\"font-size:14px;text-transform:uppercase;\">Frame<\/h6>\n<!-- \/wp:heading -->\n\n<!-- wp:paragraph {\"align\":\"center\"} -->\n<p class=\"has-text-align-center\">Pine Wood<\/p>\n<!-- \/wp:paragraph --><\/div>\n<!-- \/wp:column -->\n\n<!-- wp:column {\"style\":{\"spacing\":{\"blockGap\":\"10px\"}}} -->\n<div class=\"wp-block-column\"><!-- wp:heading {\"textAlign\":\"center\",\"level\":6,\"style\":{\"typography\":{\"textTransform\":\"uppercase\",\"fontSize\":\"14px\"}}} -->\n<h6 class=\"has-text-align-center\" style=\"font-size:14px;text-transform:uppercase;\">Frame<\/h6>\n<!-- \/wp:heading -->\n\n<!-- wp:paragraph {\"align\":\"center\"} -->\n<p class=\"has-text-align-center\">Pine Wood<\/p>\n<!-- \/wp:paragraph --><\/div>\n<!-- \/wp:column --><\/div>\n<!-- \/wp:columns --><\/div>\n<!-- \/wp:group -->\n\n<!-- wp:group {\"align\":\"full\",\"style\":{\"spacing\":{\"margin\":{\"top\":\"0px\",\"bottom\":\"0px\"},\"padding\":{\"top\":\"0px\",\"bottom\":\"0px\"}}},\"layout\":{\"contentSize\":\"1200px\"}} -->\n<div class=\"wp-block-group alignfull\" style=\"margin-top:0;margin-bottom:0;padding-top:0;padding-bottom:0;\"><!-- wp:columns {\"style\":{\"spacing\":{\"blockGap\":\"3vw\",\"margin\":{\"top\":\"0px\",\"bottom\":\"0px\"},\"padding\":{\"top\":\"0px\",\"right\":\"0px\",\"bottom\":\"0px\",\"left\":\"0px\"}}}} -->\n<div class=\"wp-block-columns\" style=\"margin-top:0;margin-bottom:0;padding-top:0;padding-right:0;padding-bottom:0;padding-left:0;\"><!-- wp:column {\"style\":{\"spacing\":{\"padding\":{\"top\":\"80px\",\"bottom\":\"40px\"},\"blockGap\":\"30px\"}},\"layout\":{\"contentSize\":\"350px\"}} -->\n<div class=\"wp-block-column\" style=\"padding-top:80px;padding-bottom:40px;\"><!-- wp:heading {\"level\":3,\"style\":{\"typography\":{\"fontStyle\":\"normal\",\"fontWeight\":\"600\",\"lineHeight\":1.4}}} -->\n<h3 style=\"font-style:normal;font-weight:600;line-height:1.4;\">Part of the Antonia Office Family<\/h3>\n<!-- \/wp:heading -->\n\n<!-- wp:paragraph -->\n<p>As part of the Antonia office set, the backrest chair is a perfect compliment to the family. The gently curved lines accentuated by sewn details are kind to your body and pleasant to look at.<\/p>\n<!-- \/wp:paragraph --><\/div>\n<!-- \/wp:column -->\n\n<!-- wp:column {\"width\":\"380px\",\"style\":{\"spacing\":{\"padding\":{\"top\":\"0px\",\"right\":\"0px\",\"bottom\":\"0px\",\"left\":\"0px\"}}}} -->\n<div class=\"wp-block-column\" style=\"padding-top:0;padding-right:0;padding-bottom:0;padding-left:0;flex-basis:380px;\"><!-- wp:image {\"id\":50,\"sizeSlug\":\"large\",\"linkDestination\":\"none\"} -->\n<figure class=\"wp-block-image size-large\"><img src=\"https:\/\/antoniademo.files.wordpress.com\/2022\/06\/chairs-1.jpg?w=540\" alt=\"\" class=\"wp-image-50\" \/><\/figure>\n<!-- \/wp:image --><\/div>\n<!-- \/wp:column -->\n\n<!-- wp:column {\"verticalAlignment\":\"bottom\",\"style\":{\"spacing\":{\"padding\":{\"bottom\":\"80px\",\"top\":\"40px\"},\"blockGap\":\"30px\"}},\"layout\":{\"contentSize\":\"350px\"}} -->\n<div class=\"wp-block-column is-vertically-aligned-bottom\" style=\"padding-top:40px;padding-bottom:80px;\"><!-- wp:heading {\"level\":3,\"style\":{\"typography\":{\"fontStyle\":\"normal\",\"fontWeight\":\"600\",\"lineHeight\":1.4}}} -->\n<h3 style=\"font-style:normal;font-weight:600;line-height:1.4;\">Pure Comfort<\/h3>\n<!-- \/wp:heading -->\n\n<!-- wp:paragraph -->\n<p>The gently curved lines accentuated by sewn details are kind to your body and pleasant to look at. Also, your back gets support and extra relief from the built-in lumbar support.<\/p>\n<!-- \/wp:paragraph --><\/div>\n<!-- \/wp:column --><\/div>\n<!-- \/wp:columns --><\/div>\n<!-- \/wp:group -->\n\n<!-- wp:columns {\"verticalAlignment\":\"center\",\"align\":\"full\",\"style\":{\"border\":{\"top\":{\"color\":\"#eaeaec\",\"width\":\"1px\"}},\"spacing\":{\"padding\":{\"top\":\"0px\",\"right\":\"0px\",\"bottom\":\"0px\",\"left\":\"0px\"},\"margin\":{\"top\":\"0px\",\"bottom\":\"0px\"}}}} -->\n<div class=\"wp-block-columns alignfull are-vertically-aligned-center\" style=\"border-top-color:#eaeaec;border-top-width:1px;margin-top:0;margin-bottom:0;padding-top:0;padding-right:0;padding-bottom:0;padding-left:0;\"><!-- wp:column {\"verticalAlignment\":\"center\"} -->\n<div class=\"wp-block-column is-vertically-aligned-center\"><!-- wp:image {\"id\":53,\"sizeSlug\":\"large\",\"linkDestination\":\"none\"} -->\n<figure class=\"wp-block-image size-large\"><img src=\"https:\/\/antoniademo.files.wordpress.com\/2022\/06\/chairbigger.jpg?w=1024\" alt=\"\" class=\"wp-image-53\" \/><\/figure>\n<!-- \/wp:image --><\/div>\n<!-- \/wp:column -->\n\n<!-- wp:column {\"verticalAlignment\":\"center\",\"layout\":{\"contentSize\":\"480px\"}} -->\n<div class=\"wp-block-column is-vertically-aligned-center\"><!-- wp:heading {\"level\":3,\"style\":{\"typography\":{\"fontStyle\":\"normal\",\"fontWeight\":\"600\",\"lineHeight\":1.4}}} -->\n<h3 style=\"font-style:normal;font-weight:600;line-height:1.4;\">The Perfect<br>Balance<\/h3>\n<!-- \/wp:heading -->\n\n<!-- wp:paragraph -->\n<p>You can lean back with perfect balance, as the tension mechanism is easy to adjust with an Allen key to suit your weight and movements.<\/p>\n<!-- \/wp:paragraph -->\n\n<!-- wp:group {\"layout\":{\"type\":\"flex\",\"flexWrap\":\"nowrap\"}} -->\n<div class=\"wp-block-group\"><!-- wp:group {\"layout\":{\"contentSize\":\"\"}} -->\n<div class=\"wp-block-group\"><!-- wp:jetpack\/recurring-payments {\"url\":\"https:\/\/antoniademo.wordpress.com\/?recurring_payments=undefined\",\"uniqueId\":\"recurring-payments-undefined\"} -->\n<div class=\"wp-block-jetpack-recurring-payments\"><!-- wp:jetpack\/button {\"element\":\"a\",\"uniqueId\":\"recurring-payments-undefined\",\"passthroughAttributes\":{\"uniqueId\":\"uniqueId\",\"url\":\"url\"},\"text\":\"Buy Now\",\"url\":\"https:\/\/antoniademo.wordpress.com\/?recurring_payments=undefined\",\"textColor\":\"primary\",\"backgroundColor\":\"secondary\",\"width\":\"240px\"} \/--><\/div>\n<!-- \/wp:jetpack\/recurring-payments --><\/div>\n<!-- \/wp:group -->\n\n<!-- wp:paragraph {\"style\":{\"typography\":{\"fontStyle\":\"normal\",\"fontWeight\":\"600\"}},\"textColor\":\"primary\"} -->\n<p class=\"has-primary-color has-text-color\" style=\"font-style:normal;font-weight:600;\">$79.50<\/p>\n<!-- \/wp:paragraph --><\/div>\n<!-- \/wp:group --><\/div>\n<!-- \/wp:column --><\/div>\n<!-- \/wp:columns -->\n\n<!-- wp:group {\"align\":\"wide\",\"style\":{\"spacing\":{\"blockGap\":\"50px\",\"padding\":{\"top\":\"60px\",\"bottom\":\"60px\"}}}} -->\n<div class=\"wp-block-group alignwide\" style=\"padding-top:60px;padding-bottom:60px;\"><!-- wp:heading {\"textAlign\":\"center\",\"style\":{\"typography\":{\"lineHeight\":\"1.2\"}}} -->\n<h2 class=\"has-text-align-center\" style=\"line-height:1.2;\">Thousands of<br>Happy Customers<\/h2>\n<!-- \/wp:heading -->\n\n<!-- wp:columns {\"align\":\"wide\",\"style\":{\"spacing\":{\"blockGap\":\"80px\"}}} -->\n<div class=\"wp-block-columns alignwide\"><!-- wp:column {\"layout\":{\"contentSize\":\"540px\"}} -->\n<div class=\"wp-block-column\"><!-- wp:group {\"layout\":{\"type\":\"flex\",\"flexWrap\":\"nowrap\",\"orientation\":\"vertical\"}} -->\n<div class=\"wp-block-group\"><!-- wp:image {\"id\":66,\"width\":50,\"height\":50,\"sizeSlug\":\"large\",\"linkDestination\":\"none\"} -->\n<figure class=\"wp-block-image size-large is-resized\"><img src=\"https:\/\/antoniademo.files.wordpress.com\/2022\/06\/user2.png?w=100\" alt=\"\" class=\"wp-image-66\" width=\"50\" height=\"50\" \/><\/figure>\n<!-- \/wp:image -->\n\n<!-- wp:paragraph -->\n<p>Great chair and came earlier than promised. This did come with assembly directions. My teenager assembled it with zero assistance in (far) less than ten minutes.<\/p>\n<!-- \/wp:paragraph -->\n\n<!-- wp:paragraph -->\n<p><strong>Anton Delgado<\/strong><\/p>\n<!-- \/wp:paragraph --><\/div>\n<!-- \/wp:group --><\/div>\n<!-- \/wp:column -->\n\n<!-- wp:column {\"layout\":{\"contentSize\":\"540px\"}} -->\n<div class=\"wp-block-column\"><!-- wp:group {\"layout\":{\"type\":\"flex\",\"flexWrap\":\"nowrap\",\"orientation\":\"vertical\"}} -->\n<div class=\"wp-block-group\"><!-- wp:image {\"id\":70,\"width\":50,\"height\":50,\"sizeSlug\":\"large\",\"linkDestination\":\"none\"} -->\n<figure class=\"wp-block-image size-large is-resized\"><img src=\"https:\/\/antoniademo.files.wordpress.com\/2022\/06\/user1.png?w=100\" alt=\"\" class=\"wp-image-70\" width=\"50\" height=\"50\" \/><\/figure>\n<!-- \/wp:image -->\n\n<!-- wp:paragraph -->\n<p>The chair is exactly as pictured and even exceeded my expectations in quality! Assembly was easy and only took about 10 minutes to put together. <\/p>\n<!-- \/wp:paragraph -->\n\n<!-- wp:paragraph -->\n<p><strong>Jane Delgado<\/strong><\/p>\n<!-- \/wp:paragraph --><\/div>\n<!-- \/wp:group --><\/div>\n<!-- \/wp:column --><\/div>\n<!-- \/wp:columns --><\/div>\n<!-- \/wp:group -->",
            "post_name": "homepage",
            "post_excerpt": "",
            "menu_order": 0,
            "post_status": "publish",
            "comment_status": "closed",
            "ping_status": "closed",
            "_starter_page_template": "",
            "hs_old_id": 21,
            "hs_post_parent": 0,
            "hs_taxonomies": [],
            "hs_custom_meta": "_hs_front_page",
            "page_template": "header-footer-only"
        }
    ],
    "menus": [],
    "images": [
        "https:\/\/antoniademo.files.wordpress.com\/2022\/06\/chair.jpg",
        "https:\/\/antoniademo.files.wordpress.com\/2022\/06\/chairs-1.jpg",
        "https:\/\/antoniademo.files.wordpress.com\/2022\/06\/chairbigger.jpg",
        "https:\/\/antoniademo.files.wordpress.com\/2022\/06\/user2.png",
        "https:\/\/antoniademo.files.wordpress.com\/2022\/06\/user1.png"
    ],
    "meta": {
        "blog_id": 207352264,
        "url": "https:\/\/antoniademo.wordpress.com",
        "update_date": "June 9, 2022, 5:12 pm",
        "update_timestamp": 1654794724
    }
}
